{
	"id": "36cern10u38",
	"x": 3.9999999999999982,
	"y": 40,
	"width": 16,
	"height": 15.999999999999998,
	"links": []
}