{"x":10.132759615889174,"y":12.819436427559427,"width":80,"height":80}