{
	"id": "hvejfmg08e8",
	"x": 12,
	"y": 55.99999999999999,
	"width": 32,
	"height": 36.00000000000001,
	"links": []
}