{
	"id": "c35bh7edg08",
	"x": 12.000000000000007,
	"y": 76.00000000000001,
	"width": 20,
	"height": 20,
	"links": [],
	"nodes": []
}