{
	"id": "3aafpp0mpt",
	"x": 52.000000000000014,
	"y": 76.00000000000001,
	"width": 20,
	"height": 20,
	"links": [],
	"nodes": []
}