{
	"id": "5194u9gf71g",
	"x": 4.000000000000001,
	"y": 52,
	"width": 7.999999999999999,
	"height": 4,
	"links": [],
	"nodes": []
}