{
	"id": "of7n0ghe2po",
	"x": 3.9999999999999987,
	"y": 40,
	"width": 7.999999999999999,
	"height": 4.000000000000007,
	"links": [],
	"nodes": []
}