{
	"id": "4ukfu5ninmo",
	"x": 92.0336551073962,
	"y": 70.00302242555891,
	"width": 5.879728234040202,
	"height": 4.000000000000014,
	"links": [],
	"nodes": []
}