{
	"id": "f9gc07v31cg",
	"x": 85.98905763630576,
	"y": 68.94995165598979,
	"width": 4,
	"height": 4,
	"links": [],
	"nodes": []
}