{
	"id": "4h9g4ghkavg",
	"x": 80.00000000000001,
	"y": 96,
	"width": 7.999999999999986,
	"height": 4,
	"links": [],
	"nodes": []
}