{
	"id": "sde0jdvhn4o",
	"x": 80.00000000000001,
	"y": 92,
	"width": 19.999999999999986,
	"height": 4,
	"links": [],
	"nodes": []
}