{
	"id": "d5jk79di13o",
	"x": 11.999999999999996,
	"y": 20,
	"width": 4.000000000000007,
	"height": 2.8917896531514695,
	"links": [],
	"nodes": []
}