{
	"id": "d5jk79di13o",
	"x": 12.000000000000002,
	"y": 48,
	"width": 4.000000000000007,
	"height": 2.8917896531514695,
	"links": [],
	"nodes": []
}