{
	"id": "3lsosl5fvo8",
	"x": 15.999999999999998,
	"y": 3.9999999999999996,
	"width": 7.9999999999999964,
	"height": 4,
	"links": [],
	"nodes": []
}