{
	"id": "perbgpafqk8",
	"x": 4,
	"y": 4,
	"width": 8.000097030855812,
	"height": 4.000097030855812,
	"links": [],
	"nodes": []
}