{
	"id": "j6acd5oeiog",
	"x": 76,
	"y": 56.00000000000001,
	"width": 3.999999999999986,
	"height": 4,
	"links": []
}