{
	"id": "bj8pttjq0pg",
	"x": 4.000000000000001,
	"y": 11.999999999999998,
	"width": 8,
	"height": 8,
	"links": [],
	"nodes": []
}