{
	"id": "6o0ikrr8ru",
	"x": 28.000000000000004,
	"y": 24.000000000000004,
	"width": 10.000404552564863,
	"height": 10.000404552564863,
	"links": [],
	"nodes": []
}