{
	"id": "nldtmnj5po",
	"x": 56.00000000000001,
	"y": 24.000000000000004,
	"width": 3.999999999999993,
	"height": 3.9999999999999982,
	"links": [],
	"nodes": []
}