{
	"id": "hmdangdf9s",
	"x": 77.83625919111525,
	"y": 69.92444485158448,
	"width": 6.158783028738454,
	"height": 4.000000000000017,
	"links": [],
	"nodes": []
}