{
	"id": "ua13104dlao",
	"x": 4.000000000000002,
	"y": 48,
	"width": 8,
	"height": 3.999999999999993,
	"links": [],
	"nodes": []
}