{
	"id": "ua13104dlao",
	"x": 4,
	"y": 40.00000000000001,
	"width": 8,
	"height": 3.999999999999993,
	"links": [],
	"nodes": []
}