{
	"id": "ua13104dlao",
	"x": 3.9999999999999987,
	"y": 12,
	"width": 10.00011247898049,
	"height": 5.000658794077442,
	"links": [],
	"nodes": []
}