{
	"id": "umparj97v8",
	"x": 59.98943482161068,
	"y": 17.95563475139869,
	"width": 4,
	"height": 4,
	"links": [],
	"nodes": []
}