{
	"id": "82efivc7np8",
	"x": 80.04382173098263,
	"y": 63.082271826152315,
	"width": 15.999999999999993,
	"height": 4,
	"links": [],
	"nodes": []
}