{
	"id": "g56m7uk3ce8",
	"x": 16,
	"y": 24.000000000000004,
	"width": 4,
	"height": 2.765523687997989,
	"links": [],
	"nodes": []
}