{
	"id": "mlqeakkf1dg",
	"x": 28.000000000000004,
	"y": 3.9999999999999996,
	"width": 8.000000000000004,
	"height": 4.000000000000002,
	"links": [],
	"nodes": []
}