{"x":9.944343861060819,"y":14.846107423053711,"width":80,"height":80}