{"x":9.944343861060819,"y":67.94620008331846,"width":80,"height":24.055228233053622}