{"x":9.94861471632145,"y":18.45503779087068,"width":80.06039095195212,"height":38.42766172707255}