{
	"id": "ran1a29k17o",
	"x": 28.000000000000004,
	"y": 80,
	"width": 43.99999999999999,
	"height": 16,
	"links": []
}