{
	"id": "926mlu0o98",
	"x": 84,
	"y": 56.00000000000001,
	"width": 12,
	"height": 12.000000000000007,
	"links": [],
	"nodes": []
}