{
	"id": "ailbihcmovo",
	"x": 16,
	"y": 28.000000000000004,
	"width": 3.9999999999999822,
	"height": 7.9999999999999964,
	"links": [],
	"nodes": []
}