{
	"id": "gdmkf1vt9no",
	"x": 28.000000000000004,
	"y": 72,
	"width": 7.999999999999998,
	"height": 7.9999999999999964,
	"links": [],
	"nodes": []
}