{
	"id": "4n8l9r5jg8g",
	"x": 4,
	"y": 7.999999999999999,
	"width": 7.999999999999998,
	"height": 8.000000000000007,
	"links": [],
	"nodes": []
}