{
	"id": "t0binfk5n7o",
	"x": 4.000000000000002,
	"y": 72,
	"width": 8,
	"height": 7.9999999999999964,
	"links": [],
	"nodes": []
}