{
	"id": "3ekdien7kcg",
	"x": 12.000000000000007,
	"y": 12,
	"width": 76.00000000000001,
	"height": 36,
	"links": []
}