{"x":10.579558804333638,"y":13.08575903928991,"width":80,"height":80}