{
	"id": "vdtdrp5vm8g",
	"x": 11.999999999999993,
	"y": 28.000000000000004,
	"width": 76,
	"height": 44,
	"links": []
}