{"x":10.111815460468392,"y":12.083993660855784,"width":80,"height":80}