{
	"id": "meufhoqlfg",
	"x": 4.000000000000004,
	"y": 84,
	"width": 19.999999999999996,
	"height": 11.999999999999972,
	"links": [],
	"nodes": []
}