{
	"id": "9crc7egp018",
	"x": 76.00000000000001,
	"y": 28.000000000000004,
	"width": 19.99999999999998,
	"height": 11.999999999999991,
	"links": [],
	"nodes": []
}