{
	"id": "ftec83a7duo",
	"x": 27.999999999999996,
	"y": 64,
	"width": 20.00000000000002,
	"height": 11.999999999999964,
	"links": [],
	"nodes": []
}