{
	"id": "dm650n82gqg",
	"x": 27.999999999999996,
	"y": 84,
	"width": 20.000000000000025,
	"height": 12,
	"links": [],
	"nodes": []
}