{
	"id": "ffddla14d38",
	"x": 3.999999999999996,
	"y": 12,
	"width": 28.57142857142858,
	"height": 24,
	"links": [],
	"nodes": []
}