{
	"id": "perbgpafqk8",
	"x": 40,
	"y": 12,
	"width": 23.999999999999993,
	"height": 15.999999999999998,
	"links": [],
	"nodes": []
}