{
	"id": "uvd70rrfvd8",
	"x": 76.00000000000001,
	"y": 44,
	"width": 11.999999999999986,
	"height": 8,
	"links": [],
	"nodes": []
}