{
	"id": "oo3fcuic17",
	"x": 76.00000000000001,
	"y": 60,
	"width": 19.999999999999982,
	"height": 11.999999999999993,
	"links": [],
	"nodes": []
}