{
	"id": "3h3i50irvjg",
	"x": 76.00000000000001,
	"y": 76,
	"width": 19.999999999999982,
	"height": 12.000000000000007,
	"links": [],
	"nodes": []
}