{
	"id": "l84ccd69v6g",
	"x": 8.000000000000002,
	"y": 40,
	"width": 20.000000000000004,
	"height": 20,
	"links": [],
	"nodes": []
}