{"x":1.1750881316098707,"y":7.755362266041259,"width":42.47967920234096,"height":20.90943285827726}