{
	"id": "iu4msv07ut8",
	"x": 32.666511891864005,
	"y": 44.689540174660145,
	"width": 24.944080611923113,
	"height": 14.31182357668975,
	"links": []
}