{"x":3.629313471141239,"y":3.479634890483955,"width":60,"height":45}