{
	"id": "iu4msv07ut8",
	"x": 20,
	"y": 45,
	"width": 39.99696621117698,
	"height": 20.00123598609879,
	"links": []
}