{
	"id": "iu4msv07ut8",
	"x": 29.448148673570717,
	"y": 44.871703745824156,
	"width": 24.944080611923113,
	"height": 14.31182357668975,
	"links": []
}