{"x":4.318576388888888,"y":7.643229166666667,"width":60,"height":22.916666666666664}