{"x":1.1750881316098707,"y":7.755362266041259,"width":56.7684682278218,"height":22.916666666666664}