{"x":63.59080257082531,"y":35.95757137445329,"width":29.565543598039906,"height":12.385439943003336}