{"x":69.62087641555884,"y":36.271040138109626,"width":29.565543598039906,"height":14.355917417854029}