{
	"id": "ujltrbp3r9",
	"x": 71.3263204259564,
	"y": 56.38983545905949,
	"width": 16.01564695435181,
	"height": 7.738229330930389,
	"links": []
}