{
	"id": "ujltrbp3r9",
	"x": 72.35569342454997,
	"y": 55.75800310252432,
	"width": 16.01564695435181,
	"height": 7.738229330930389,
	"links": []
}