{"x":4.176845819761129,"y":32.253664495114,"width":57.08469055374593,"height":15.844869706840392}