{
	"id": "abdt6a40aoo",
	"x": 49.2493622224051,
	"y": 5.18045287101677,
	"width": 7.881836590707094,
	"height": 4.420150182708911,
	"links": []
}