{
	"id": "abdt6a40aoo",
	"x": 32,
	"y": 3.9999999999999987,
	"width": 15,
	"height": 5.000446990379395,
	"links": []
}