{"x":69.32588990935831,"y":22.155269058295964,"width":29.565543598039906,"height":14.355917417854029}