{
	"id": "jclbfe4iai",
	"x": 49.96229971724787,
	"y": 90.42495107056759,
	"width": 20.857681432610743,
	"height": 8.282303925274467,
	"links": []
}