{
	"id": "jclbfe4iai",
	"x": 49.54449075089566,
	"y": 78.21920629586671,
	"width": 14.680119909336842,
	"height": 9.738647819535831,
	"links": []
}