{
	"id": "jclbfe4iai",
	"x": 72.92829365918743,
	"y": 74.07920695221169,
	"width": 14.680119909336842,
	"height": 8.581024896874439,
	"links": []
}