{"x":63.499273735639775,"y":52.89482968131395,"width":29.741389416426344,"height":10.285307166682859}