{
	"id": "710vhdi6un8",
	"x": 69.22051389668985,
	"y": 43.4214676686149,
	"width": 19.152153640648233,
	"height": 10.302689352360044,
	"links": []
}