{"x":64.11849450747343,"y":40.32838191330344,"width":29.741389416426344,"height":14.12038383250945}