{
	"id": "710vhdi6un8",
	"x": 75,
	"y": 50,
	"width": 14.99974896447847,
	"height": 5.000125517760765,
	"links": []
}