{"x":69.49895664814424,"y":21.344842468709537,"width":29.741389416426344,"height":14.12038383250945}