{
	"id": "m9s8jr4p2ko",
	"x": 29.993204065992856,
	"y": 64.69223031042321,
	"width": 15.20358198420751,
	"height": 6.7228921485706,
	"links": []
}