{
	"id": "m9s8jr4p2ko",
	"x": 29.253334976010077,
	"y": 63.982542444057835,
	"width": 15.20358198420751,
	"height": 6.7228921485706,
	"links": []
}