{
	"id": "m9s8jr4p2ko",
	"x": 30,
	"y": 70,
	"width": 15.000148220611557,
	"height": 10.000148220611557,
	"links": []
}