{
	"id": "flo206thmv",
	"x": 90.95503077255836,
	"y": 24.138712378700554,
	"width": 8.48869541434953,
	"height": 4.703895999124106,
	"links": []
}