{
	"id": "93kjm246u28",
	"x": 85,
	"y": 5,
	"width": 10.000373772158454,
	"height": 4.999214426618718,
	"links": []
}