{
	"id": "flo206thmv",
	"x": 84.99999999999999,
	"y": 14.999999999999995,
	"width": 9.999501637122066,
	"height": 5.000149508863387,
	"links": []
}