{"x":69.36765843708237,"y":6.030211480362538,"width":30,"height":14.155277697004943}