{
	"id": "asn5cru6lo8",
	"x": 9.557062694757008,
	"y": 52.64347859886889,
	"width": 14.836932848089704,
	"height": 12.362214422070325,
	"links": []
}