{"x":67.22916666666666,"y":10.842225609756099,"width":30,"height":35}