{"id":"93kjm246u28","x":51.445245017486194,"y":7.676792945480698,"width":30,"height":22.84294734351664}