{"x":51.445245017486194,"y":7.676792945480698,"width":30,"height":23.03273148595153}