{
	"id": "93kjm246u28",
	"x": 84.99999999999999,
	"y": 5.000000000000003,
	"width": 10.000373772158454,
	"height": 4.999214426618718,
	"links": []
}