{
	"id": "93kjm246u28",
	"x": 80.51497335666673,
	"y": 24.118023742672776,
	"width": 8.479401585352237,
	"height": 5.942458652644925,
	"links": []
}