{
	"id": "93kjm246u28",
	"x": 88,
	"y": 4,
	"width": 8.000237593181069,
	"height": 4.000136514112146,
	"links": []
}