{"id":"flo206thmv","x":84.2329246197278,"y":7.590800356478369,"width":14.907625609383151,"height":11.392355039173262}