{
	"id": "asn5cru6lo8",
	"x": 11.700099112298544,
	"y": 46.09197030322345,
	"width": 14.836932848089704,
	"height": 12.362214422070325,
	"links": []
}