{
	"id": "asn5cru6lo8",
	"x": 5,
	"y": 69.99999999999999,
	"width": 15,
	"height": 10.00014541012927,
	"links": []
}