{
	"id": "pp0gavdio0g",
	"x": 44,
	"y": 15.999999999999998,
	"width": 4.278509129372974,
	"height": 4.000000000000002,
	"links": []
}