{
	"id": "i2s3hctcfqg",
	"x": 72.00000000000001,
	"y": 11.999999999999998,
	"width": 8,
	"height": 8,
	"links": []
}