{
	"id": "vn8ji2a9l2g",
	"x": 9.74982409044412,
	"y": 43.93467261808358,
	"width": 10.7071268500068,
	"height": 5.5441465136919295,
	"links": []
}