{"x":1.7606364579730198,"y":52.695922369661005,"width":50,"height":33.209085614443794}