{
	"id": "3n81ck4i5sg",
	"x": 51.944594710019075,
	"y": 22.87095945907392,
	"width": 16.148376022648744,
	"height": 8.640293073022539,
	"links": []
}