{
	"id": "n2rcvc1did8",
	"x": 84.99999999999999,
	"y": 40,
	"width": 9.998972597713289,
	"height": 6.268142649332351,
	"links": []
}