{"x":2.526439482961222,"y":32.87945717018079,"width":48.965660522957286,"height":18.013957545798203}