{
	"id": "96nihtd8s1",
	"x": 66.55848185473862,
	"y": 10.450775088387273,
	"width": 8.638857171225736,
	"height": 4.246668479738918,
	"links": []
}