{"id":"3n81ck4i5sg","x":1.3662233360003624,"y":32.87945717018079,"width":43.17265741761145,"height":17.5057099352874}