{
	"id": "96nihtd8s1",
	"x": 45,
	"y": 15,
	"width": 9.999103445570741,
	"height": 5.000255315346365,
	"links": []
}