{
	"id": "n2rcvc1did8",
	"x": 78.33992729158051,
	"y": 34.6479755249545,
	"width": 10.75380978539289,
	"height": 6.268142649332351,
	"links": []
}