{"x":56.80613169967857,"y":57.13583308392835,"width":20.723633223356437,"height":10.063994768310911}