{"x":55.621286148157935,"y":64.92101446434872,"width":20.723633223356437,"height":10.063994768310911}