{
	"id": "3n81ck4i5sg",
	"x": 50,
	"y": 25,
	"width": 20.000445002180513,
	"height": 10.000460002760015,
	"links": []
}