{"x":54.333333333333336,"y":52.43267276422764,"width":45,"height":45}