{
	"id": "rjo0gg3uqi",
	"x": 70.84661066048668,
	"y": 78.11850946854001,
	"width": 27.578215527230594,
	"height": 9.898368093377437,
	"links": []
}