{
	"id": "rjo0gg3uqi",
	"x": 40.131929707182955,
	"y": 12.482246758601732,
	"width": 19.02307828579711,
	"height": 8.14169289114823,
	"links": []
}