{
	"id": "rjo0gg3uqi",
	"x": 39.731100096849545,
	"y": 12.043538657684916,
	"width": 19.02307828579711,
	"height": 8.14169289114823,
	"links": []
}