{"x":1.3977560349061235,"y":56.47361430288208,"width":43.08866306524121,"height":27.02854694445932}