{
	"id": "rjo0gg3uqi",
	"x": 29.999999999999993,
	"y": 15,
	"width": 10.00033827782758,
	"height": 4.999704190146573,
	"links": []
}