{
	"id": "rjo0gg3uqi",
	"x": 32,
	"y": 16.000000000000004,
	"width": 8,
	"height": 3.9999999999999964,
	"links": []
}