{"x":62.04069537732122,"y":78.11850946854001,"width":36.3854866324246,"height":10.155161881490532}