{
	"id": "8hst7ghum5o",
	"x": 4.999999999999996,
	"y": 25,
	"width": 25.000202339039294,
	"height": 10.000202339039294,
	"links": []
}