{
	"id": "lsppgrrk3so",
	"x": 67.58735194454903,
	"y": 34.638958468627266,
	"width": 8.512279432070315,
	"height": 6.002110701572,
	"links": []
}