{"x":79.15620581190662,"y":65.01263545637556,"width":19.28655255640929,"height":10.028961136023916}