{"x":79.85769621713689,"y":57.13583308392835,"width":19.28655255640929,"height":10.028961136023916}