{
	"id": "8hst7ghum5o",
	"x": 8,
	"y": 24.000000000000004,
	"width": 24,
	"height": 7.9999999999999964,
	"links": []
}