{
	"id": "8hst7ghum5o",
	"x": 3.5778773490269513,
	"y": 29.20008041637814,
	"width": 23.092780184561867,
	"height": 12.06971677559913,
	"links": []
}