{
	"id": "lsppgrrk3so",
	"x": 70,
	"y": 40,
	"width": 10.00075921085454,
	"height": 6.002110701572,
	"links": []
}