{
	"id": "2rhi7ulgmt8",
	"x": 76,
	"y": 68,
	"width": 8.000267975687294,
	"height": 4.000040818131424,
	"links": []
}