{
	"id": "93jcctiarsg",
	"x": 3.1550299039043077,
	"y": 81.13235330208359,
	"width": 26.22054665409991,
	"height": 8.333416610870717,
	"links": []
}