{
	"id": "93jcctiarsg",
	"x": 49.746289390948306,
	"y": 90.3686680903188,
	"width": 26.22054665409991,
	"height": 8.333416610870717,
	"links": []
}