{"x":59.504631494160286,"y":75.12329258451146,"width":39.026149684400366,"height":17.930477926891232}