{
	"id": "93jcctiarsg",
	"x": 4.200251750104895,
	"y": 62.89444567382164,
	"width": 26.22054665409991,
	"height": 8.333416610870717,
	"links": []
}