{
	"id": "153ri2jccq8",
	"x": 45,
	"y": 84.99999999999999,
	"width": 19.99974101315653,
	"height": 10.000542038995832,
	"links": []
}