{"x":62.24153825892269,"y":90.43860720830787,"width":36.286711444751745,"height":8.078191814294442}