{
	"id": "93jcctiarsg",
	"x": 72.30160226201696,
	"y": 90.43860720830787,
	"width": 26.22054665409991,
	"height": 8.333416610870717,
	"links": []
}