{"x":59.5033950972494,"y":80.5884739393163,"width":39.026149684400366,"height":17.930477926891232}