{
	"id": "153ri2jccq8",
	"x": 78.51429407033706,
	"y": 90.43370803568524,
	"width": 19.78046229150759,
	"height": 8.266255127319985,
	"links": []
}
