{
	"id": "93jcctiarsg",
	"x": 15,
	"y": 84.99999999999999,
	"width": 25.000533479659182,
	"height": 10.000533479659182,
	"links": []
}