{
	"id": "153ri2jccq8",
	"x": 23.108009628337346,
	"y": 88.11684000885151,
	"width": 19.691149301077143,
	"height": 8.266255127319985,
	"links": []
}