{
	"id": "93jcctiarsg",
	"x": 2.0089335318562633,
	"y": 75.00730424620178,
	"width": 26.22054665409991,
	"height": 8.333416610870717,
	"links": []
}