{
	"id": "93jcctiarsg",
	"x": 14.999999999999996,
	"y": 85,
	"width": 25.000533479659182,
	"height": 10.000533479659182,
	"links": []
}