{
	"id": "153ri2jccq8",
	"x": 39.775433476220876,
	"y": 88.18768250302553,
	"width": 19.691149301077143,
	"height": 8.266255127319985,
	"links": []
}