{
	"id": "153ri2jccq8",
	"x": 35.03690554050266,
	"y": 81.1686982267158,
	"width": 19.691149301077143,
	"height": 8.26561466502882,
	"links": []
}