{
	"id": "93jcctiarsg",
	"x": 4.428282307028648,
	"y": 65.97082961562586,
	"width": 26.22054665409991,
	"height": 8.333416610870717,
	"links": []
}