{
	"id": "biintj5qnmg",
	"x": 40,
	"y": 84.00000000000001,
	"width": 4,
	"height": 4.0000000000000036,
	"links": []
}