{"x":0.9585143028306126,"y":86.97391146259432,"width":50,"height":10}