{"id":"8i2aqhl305","x":1.545415178088124,"y":88.78512132822478,"width":43.12547363862726,"height":9.854325389165805}