{
	"id": "8i2aqhl305",
	"x": 4.042731760053486,
	"y": 6.531700018702076,
	"width": 29.045455479944906,
	"height": 9.854325389165805,
	"links": []
}