{"x":2.0651525827958155,"y":88.78512132822478,"width":49.76942051263718,"height":10}