{
	"id": "8i2aqhl305",
	"x": 5,
	"y": 5,
	"width": 20.000933532486933,
	"height": 10.000717694764417,
	"links": []
}