{
	"id": "8i2aqhl305",
	"x": 6.03702573492015,
	"y": 6.7194985220670675,
	"width": 29.045455479944906,
	"height": 9.854325389165805,
	"links": []
}