{
	"id": "ujltrbp3r9",
	"x": 75,
	"y": 60,
	"width": 15.000125517760765,
	"height": 5.000125517760765,
	"links": []
}
