{
	"id": "v8ooobkjdto",
	"x": 75,
	"y": 70,
	"width": 10.000175834687255,
	"height": 5.000175834687255,
	"links": []
}