{
	"id": "v8ooobkjdto",
	"x": 76,
	"y": 68,
	"width": 8.000267486960013,
	"height": 7.999020225348177,
	"links": []
}