{
	"id": "qm6p7cuvvl",
	"x": 88,
	"y": 28.000000000000004,
	"width": 8.000736665208692,
	"height": 4.837040776929703,
	"links": []
}