{"id":"qm6p7cuvvl","x":83.96957822441327,"y":20.902453134038993,"width":15.477882314846461,"height":9.604680116366685}