{
	"id": "qm6p7cuvvl",
	"x": 84.99999999999999,
	"y": 25,
	"width": 10.000390091671534,
	"height": 5.000390091671534,
	"links": []
}