{"x":83.96957822441327,"y":20.902453134038993,"width":15.477882314846461,"height":9.812536155974922}