{
	"id": "qm6p7cuvvl",
	"x": 90.64846862143277,
	"y": 30.6492599984731,
	"width": 8.728395304481193,
	"height": 3.302685030072848,
	"links": []
}