{
	"id": "hucoli0hl28",
	"x": 11.999999999999996,
	"y": 12.000000000000002,
	"width": 28,
	"height": 28,
	"links": [],
	"nodes": []
}