{
	"id": "faokom090og",
	"x": 32.00000000000001,
	"y": 40,
	"width": 35.99999999999999,
	"height": 20,
	"links": []
}