{
	"id": "vn8ji2a9l2g",
	"x": 4.9999999999999964,
	"y": 50,
	"width": 10.000568835404316,
	"height": 5.0011619515894274,
	"links": []
}