{
	"id": "3n81ck4i5sg",
	"x": 50,
	"y": 24.000000000000004,
	"width": 18,
	"height": 8.000000000000004,
	"links": []
}