{
	"id": "96nihtd8s1",
	"x": 53.36163366191272,
	"y": 16,
	"width": 6.63836633808728,
	"height": 4,
	"links": []
}