{
	"id": "6or8q07u6u",
	"x": 64,
	"y": 56.00000000000001,
	"width": 8,
	"height": 3.999999999999993,
	"links": [],
	"nodes": []
}