{
	"id": "8do6ol70k2g",
	"x": 68,
	"y": 28.000000000000004,
	"width": 12,
	"height": 12.000000000000007,
	"links": [],
	"nodes": []
}