{
	"id": "926mlu0o98",
	"x": 47.99999999999999,
	"y": 59.999999999999986,
	"width": 12,
	"height": 12.000000000000007,
	"links": [],
	"nodes": []
}