{
	"id": "dm650n82gqg",
	"x": 52,
	"y": 68,
	"width": 12.000000000000002,
	"height": 12.000000000000007,
	"links": [],
	"nodes": []
}