{
	"id": "04oprug3u3o",
	"x": 68.00000000000001,
	"y": 28.000000000000004,
	"width": 12,
	"height": 11.999999999999996,
	"links": [],
	"nodes": []
}