{
	"id": "6uv8oo9aafo",
	"x": 48,
	"y": 8.000000000000004,
	"width": 11.999999999999986,
	"height": 12,
	"links": [],
	"nodes": []
}