{
	"id": "qnq1biukui8",
	"x": 15.999999999999998,
	"y": 28.000000000000004,
	"width": 4,
	"height": 8,
	"links": [],
	"nodes": []
}