{
	"id": "qnq1biukui8",
	"x": 24,
	"y": 28.000000000000004,
	"width": 4,
	"height": 7.9999999999999964,
	"links": [],
	"nodes": []
}