{
	"id": "gdmkf1vt9no",
	"x": 4,
	"y": 60,
	"width": 7.999999999999998,
	"height": 7.9999999999999964,
	"links": [],
	"nodes": []
}