{
	"id": "hnnhblg2pto",
	"x": 36,
	"y": 7.999999999999999,
	"width": 4.000000000000002,
	"height": 4,
	"links": [],
	"nodes": []
}