{
	"id": "ailbihcmovo",
	"x": 24,
	"y": 28.000000000000004,
	"width": 3.999999999999986,
	"height": 7.9999999999999964,
	"links": [],
	"nodes": []
}