{
	"id": "t0binfk5n7o",
	"x": 12.000000000000002,
	"y": 75.99999999999999,
	"width": 8,
	"height": 7.9999999999999964,
	"links": [],
	"nodes": []
}