{
	"id": "ita04k5ms68",
	"x": 3.7117943024942255,
	"y": 31.159018066572365,
	"width": 10.641383361480285,
	"height": 10.794579611949493,
	"links": []
}