{
	"id": "ita04k5ms68",
	"x": 5.556309132218793,
	"y": 33.84228017226762,
	"width": 8.796500389975922,
	"height": 8.10895588185425,
	"links": []
}