{
	"id": "ita04k5ms68",
	"x": 10,
	"y": 40,
	"width": 4.998900628377674,
	"height": 5.000368393907817,
	"links": []
}