{
	"id": "ita04k5ms68",
	"x": 1.9662406136477493,
	"y": 24.844737232079105,
	"width": 11.385580263406435,
	"height": 10.794579611949493,
	"links": []
}