{
	"id": "ita04k5ms68",
	"x": 10.050145996799566,
	"y": 40.75574180725272,
	"width": 3.9999999999999964,
	"height": 2.576974273974754,
	"links": [],
	"nodes": []
}