{"x":33.45279680624235,"y":29.132453235343043,"width":36.100651756415495,"height":48.644316411861666}