{"x":30.64766602722207,"y":27.77777777777778,"width":38.90838786436645,"height":50}