{"x":34.15637860082305,"y":27.77777777777778,"width":30,"height":50}