{
	"id": "3lnmuaqr88",
	"x": 33.45279680624235,
	"y": 29.132453235343043,
	"width": 36.100651756415495,
	"height": 48.699515488621856,
	"links": [
		{
			"id": "1ombf65moho",
			"fromWayPoints": [
				{
					"boxId": "iu4msv07ut8",
					"x": 100,
					"y": 50
				}
			],
			"toWayPoints": [
				{
					"boxId": "93kjm246u28",
					"x": 0,
					"y": 50
				}
			]
		}
	]
}