{
	"id": "5194u9gf71g",
	"x": 2.0793784292522726,
	"y": 23.97595013514259,
	"width": 9.048820537466458,
	"height": 4.4580506371007775,
	"links": []
}