{
	"id": "8k5lfaulrs8",
	"x": 0.7357033953679727,
	"y": 29.724796915208568,
	"width": 4.135079434122496,
	"height": 3.3173350986557804,
	"links": []
}