{
	"id": "lr0pi422h1o",
	"x": 40.00000000000001,
	"y": 35,
	"width": 10.000413475155312,
	"height": 5.000231446657331,
	"links": []
}