{
	"id": "lr0pi422h1o",
	"x": 35.99999999999999,
	"y": 35.99999999999999,
	"width": 8,
	"height": 4,
	"links": []
}