{
	"id": "lr0pi422h1o",
	"x": 39.48539183021012,
	"y": 32.04523843243571,
	"width": 9.07944376206352,
	"height": 3.462176543184899,
	"links": []
}