{
	"id": "lr0pi422h1o",
	"x": 36.211361507521076,
	"y": 28.0318474847099,
	"width": 11.782087838664445,
	"height": 3.9157561898308915,
	"links": []
}