{
	"id": "lr0pi422h1o",
	"x": 40,
	"y": 35,
	"width": 10.000413475155312,
	"height": 4.999665596575711,
	"links": []
}