{
	"id": "shv42sorueo",
	"x": 64.27378119779274,
	"y": 82.91525337923353,
	"width": 35.302232572267506,
	"height": 16.729104439831925,
	"links": []
}