{
	"id": "shv42sorueo",
	"x": 30.371674014183903,
	"y": 87.65553697457555,
	"width": 35.302232572267506,
	"height": 11.876080609960034,
	"links": []
}