{"x":68.49279835390946,"y":68.3449074074074,"width":30,"height":30}