{
	"id": "shv42sorueo",
	"x": 30.371674014183903,
	"y": 82.80332467894544,
	"width": 35.302232572267506,
	"height": 16.729104439831925,
	"links": []
}
