{"id":"shv42sorueo","x":61.92592736680348,"y":80.12084141429212,"width":37.65190905454881,"height":19.525372434517593}