{"x":61.92592736680348,"y":80.12084141429212,"width":37.52066758738742,"height":19.525372434517593}