{"x":74.31306000543036,"y":78.07493890849851,"width":25.134401303285365,"height":21.572087971762148}