{
	"id": "5da77t8c1t8",
	"x": 70,
	"y": 5.000000000000002,
	"width": 29.998922553118135,
	"height": 5.0000867430583895,
	"links": []
}