{"x":63.496656378600825,"y":4.59104938271605,"width":35,"height":20}