{"id":"5da77t8c1t8","x":63.496656378600825,"y":4.59104938271605,"width":35,"height":19.989387944771174}