{"x":4.02046783625731,"y":64.18128654970761,"width":25,"height":13.707400685622101}