{
	"id": "dub9um70n18",
	"x": 72.49369167300837,
	"y": 61.79562488965927,
	"width": 23.54928416932743,
	"height": 10.44264689360746,
	"links": []
}