{
	"id": "p0kd6a1t4vo",
	"x": 1.9039390739496336,
	"y": 83.69972160890852,
	"width": 24.99608934408009,
	"height": 6.730769230769231,
	"links": []
}