{"x":1.9425802937051588,"y":64.03212907263813,"width":25,"height":13.707400685622101}