{"x":1.440329218106996,"y":57.407407407407405,"width":25,"height":20}