{
	"id": "dub9um70n18",
	"x": 1.874073362985718,
	"y": 67.30877945239085,
	"width": 25,
	"height": 13.77729097527449,
	"links": []
}