{
	"id": "p0kd6a1t4vo",
	"x": 75,
	"y": 75,
	"width": 10.000897848754391,
	"height": 5.000897848754391,
	"links": []
}