{"id":"dub9um70n18","x":1.9425802937051588,"y":64.03212907263813,"width":25,"height":13.77729097527449}