{
	"id": "p0kd6a1t4vo",
	"x": 72.4028817067346,
	"y": 73.3850103486706,
	"width": 12.85588931196039,
	"height": 5.914555717368427,
	"links": []
}