{
	"id": "p0kd6a1t4vo",
	"x": 72.46725113210799,
	"y": 73.89527282004401,
	"width": 12.85588931196039,
	"height": 5.914555717368427,
	"links": []
}