{
	"id": "ve86au87rlg",
	"x": 17.369225706204098,
	"y": 83.75159225774381,
	"width": 9.432767887656507,
	"height": 6.713502345667506,
	"links": []
}