{
	"id": "ve86au87rlg",
	"x": 87.99014699403213,
	"y": 73.75335442784476,
	"width": 9.432767887656507,
	"height": 6.044944577339038,
	"links": []
}