{
	"id": "ve86au87rlg",
	"x": 75,
	"y": 80.00000000000001,
	"width": 10.000897848754391,
	"height": 5.000897848754391,
	"links": []
}