{
	"id": "ve86au87rlg",
	"x": 72.33321556704469,
	"y": 80.74920164920766,
	"width": 12.858585908848893,
	"height": 6.044944577339038,
	"links": []
}