{"x":73.96488560171424,"y":26.712518144743207,"width":24.375,"height":14.683338416183798}