{
	"id": "3ht1ieidr2o",
	"x": 73.79310344827587,
	"y": 25.85668637749293,
	"width": 20.8625629038176,
	"height": 6.5444963083770515,
	"links": []
}