{
	"id": "3ht1ieidr2o",
	"x": 73.96488560171424,
	"y": 26.712518144743207,
	"width": 20.442870552094888,
	"height": 14.68264272730645,
	"links": []
}