{
	"id": "sde0jdvhn4o",
	"x": 75,
	"y": 90,
	"width": 25.00017026145349,
	"height": 5.000170261453491,
	"links": []
}