{
	"id": "4h9g4ghkavg",
	"x": 61.87423657109944,
	"y": 87.87758316768556,
	"width": 7.98683178247614,
	"height": 7.7391891385065446,
	"links": []
}