{
	"id": "sde0jdvhn4o",
	"x": 72.32699690982301,
	"y": 87.8696507163592,
	"width": 23.30555295439648,
	"height": 7.759153478790148,
	"links": []
}