{
	"id": "d5jk79di13o",
	"x": 18.192651453213838,
	"y": 17.057883953511965,
	"width": 4.000000000000007,
	"height": 2.8917896531514695,
	"links": []
}