{
	"id": "3lsosl5fvo8",
	"x": 35.764154775034235,
	"y": 18.003431587946398,
	"width": 10.25497778997844,
	"height": 6.574569781101755,
	"links": []
}