{
	"id": "perbgpafqk8",
	"x": 35.76202174996134,
	"y": 8.856555165902346,
	"width": 23.797252335057067,
	"height": 7.223203738356837,
	"links": []
}