{"x":1.6883320009732021,"y":18.155434291474055,"width":25,"height":6.428571428571428}