{"id":"ffddla14d38","x":30.947788065843625,"y":4.5717592592592595,"width":30,"height":20.010480228455798}