{
	"id": "ffddla14d38",
	"x": 1.9670368783095686,
	"y": 4.612094948874558,
	"width": 29.488120056076532,
	"height": 17.291522712980285,
	"links": []
}