{"id":"perbgpafqk8","x":1.523647320843705,"y":4.561771256386741,"width":25,"height":12.503031472875122}