{"x":2.446630658436214,"y":4.645704732510288,"width":25,"height":20}