{"x":1.4867688022284122,"y":27.129178272980504,"width":25,"height":5}