{
	"id": "ffddla14d38",
	"x": 5.000000000000002,
	"y": 5.000000000000002,
	"width": 25.000141026484773,
	"height": 10.000141026484773,
	"links": []
}