{"x":3.269675925925926,"y":26.90650720164609,"width":25,"height":5}