{
	"id": "perbgpafqk8",
	"x": 36,
	"y": 7.999999999999999,
	"width": 8.000097030855812,
	"height": 4.000097030855812,
	"links": []
}