{
	"id": "cr2q48p1plg",
	"x": 50,
	"y": 8.000000000000002,
	"width": 8.0008398656215,
	"height": 4.000839865621501,
	"links": []
}