{
	"id": "perbgpafqk8",
	"x": 35,
	"y": 10,
	"width": 20.000225682690136,
	"height": 5.0002475969342015,
	"links": []
}