{
	"id": "81j924kmav",
	"x": 65,
	"y": 45,
	"width": 5.000357919245886,
	"height": 5.0001190844785315,
	"links": []
}