{"x":1.9737895692094165,"y":29.347942134201677,"width":25.175847264090617,"height":13.223432143577336}