{"x":1.3770891364902507,"y":34.04770194986072,"width":25.175847264090617,"height":13.223432143577336}