{
	"id": "6o0ikrr8ru",
	"x": 2.3218992266772225,
	"y": 45.771826335454094,
	"width": 14.479086146182254,
	"height": 13.344779741125338,
	"links": []
}