{
	"id": "6o0ikrr8ru",
	"x": 5,
	"y": 50,
	"width": 10.000404552564863,
	"height": 10.000404552564863,
	"links": []
}