{"x":2.1576930832829198,"y":33.71395442629562,"width":30,"height":13.223432143577336}