{
	"id": "6o0ikrr8ru",
	"x": 1.9731455237768043,
	"y": 39.451458673308714,
	"width": 14.479086146182254,
	"height": 13.344779741125338,
	"links": []
}