{"x":1.8357767489711936,"y":35.81211419753087,"width":30,"height":20}