{
	"id": "lnat5erptr8",
	"x": 62.42334720831566,
	"y": 44.65809903142227,
	"width": 4,
	"height": 4.068371597014022,
	"links": []
}