{
	"id": "rm0ri411c4",
	"x": 56.42199747351152,
	"y": 48.19573739174861,
	"width": 4,
	"height": 4,
	"links": []
}