{"x":2.1571821807763607,"y":80.57412504915455,"width":25,"height":15}