{
	"id": "ua13104dlao",
	"x": 19.712508514220353,
	"y": 24.322396576319544,
	"width": 12.075704978838747,
	"height": 3.7022165711183983,
	"links": []
}