{
	"id": "9qijbsd85t8",
	"x": 16,
	"y": 56,
	"width": 27.999999999999996,
	"height": 19.999999999999996,
	"links": [],
	"nodes": []
}