{
	"id": "18tbjkfri3o",
	"x": 1.255916763418773,
	"y": 62.71058805356298,
	"width": 15.697284987050104,
	"height": 7.521756892261602,
	"links": []
}