{
	"id": "5ug3rcnfhgo",
	"x": 32,
	"y": 52,
	"width": 11.999999999999993,
	"height": 7.999999999999996,
	"links": [],
	"nodes": []
}