{
	"id": "18tbjkfri3o",
	"x": 2.5062995394819416,
	"y": 62.71058805356298,
	"width": 14.447140321847751,
	"height": 7.521756892261602,
	"links": []
}