{
	"id": "18tbjkfri3o",
	"x": 1.9984739238162192,
	"y": 57.2177484459514,
	"width": 14.447140321847751,
	"height": 7.521756892261602,
	"links": []
}