{"id":"p1f768sjqmg","x":79.66651213008454,"y":62.51979675846554,"width":18.55168317883749,"height":10.93419666343383}