{"x":75.09362768563625,"y":52.80883056908737,"width":23.19335937500003,"height":10.800781249999996}