{
	"id": "p1f768sjqmg",
	"x": 75,
	"y": 50,
	"width": 10.000189907553008,
	"height": 5.000189907553008,
	"links": []
}