{"x":79.04947916666667,"y":62.5,"width":18.55168317883749,"height":10.800781250000073}