{"x":79.67676702831096,"y":51.876163574500865,"width":18.551683178837475,"height":10.800781250000062}