{"x":73.02858445666733,"y":49.98432557211662,"width":24.622088702999935,"height":16.08766280030779}