{
	"id": "p1f768sjqmg",
	"x": 71.63289239824014,
	"y": 43.98036187756767,
	"width": 11.826443268517703,
	"height": 4.716825814948963,
	"links": []
}