{"x":91.181640625,"y":50.452473958333336,"width":19.166666666666668,"height":15}