{"x":89.09830729166667,"y":50.452473958333336,"width":15,"height":15}