{"x":74.34883885085057,"y":51.56113973788852,"width":22.54914487013344,"height":12.26088797910639}