{"x":76.60108024691358,"y":50.662294238683124,"width":15,"height":15}