{"x":68.37888921198024,"y":51.56295434719396,"width":28.97460937500001,"height":12.262369791666675}