{"x":79.67447916666667,"y":53.541666666666664,"width":18.55168317883749,"height":10.800781250000073}