{
	"id": "p1f768sjqmg",
	"x": 71.6327519379845,
	"y": 44.13517441860465,
	"width": 11.826443268517703,
	"height": 4.716825814948963,
	"links": []
}