{"x":79.04947916666667,"y":52.083333333333336,"width":18.55168317883749,"height":10.800781250000073}