{
	"id": "p0d1i1vr268",
	"x": 70,
	"y": 15,
	"width": 29.999999999999993,
	"height": 10.000698470349931,
	"links": []
}