{
	"id": "p0d1i1vr268",
	"x": 58.57229887883031,
	"y": 27.428043136710023,
	"width": 10.747838354905252,
	"height": 4.053418552205466,
	"links": []
}