{
	"id": "p0d1i1vr268",
	"x": 73.7784803169801,
	"y": 18.181336554457125,
	"width": 20.879023098302564,
	"height": 6.2907276137194446,
	"links": []
}