{"id":"82efivc7np8","x":1.6657821486206936,"y":48.64343813969609,"width":25.201822916666668,"height":13.497602145177648}