{"x":3.606770833333333,"y":48.99088541666667,"width":25.201822916666668,"height":13.277994791666666}