{
	"id": "82efivc7np8",
	"x": 72.63628000597564,
	"y": 51.11638066583374,
	"width": 21.743808560649093,
	"height": 8.628470894209439,
	"links": []
}