{
	"id": "7b4gp3csto8",
	"x": 20.000000000000007,
	"y": 35,
	"width": 10.000677063350562,
	"height": 5.000677063350562,
	"links": []
}