{
	"id": "7b4gp3csto8",
	"x": 19.398754526686297,
	"y": 23.825589902573306,
	"width": 12.816868040748638,
	"height": 7.349372858428646,
	"links": []
}