{
	"id": "7b4gp3csto8",
	"x": 1.9456384061130836,
	"y": 60.724687484155915,
	"width": 14.549720716792292,
	"height": 10.79420940005672,
	"links": []
}