{
	"id": "7b4gp3csto8",
	"x": 21.261534572114776,
	"y": 30.07725653780663,
	"width": 12.816868040748638,
	"height": 3.7963302141263444,
	"links": []
}