{
	"id": "7b4gp3csto8",
	"x": 20,
	"y": 40,
	"width": 7.999999999999993,
	"height": 4.00067706335056,
	"links": [],
	"nodes": []
}