{"x":45.70736390836422,"y":85.31460724333498,"width":26.534923865715093,"height":10.875222219359493}