{"x":35.390946502057616,"y":82.92181069958848,"width":30,"height":15}