{
	"id": "mlqeakkf1dg",
	"x": 52.351610095735424,
	"y": 19.322019147084422,
	"width": 10.000275107704667,
	"height": 5.000275107704667,
	"links": []
}