{
	"id": "mlqeakkf1dg",
	"x": 50,
	"y": 20,
	"width": 10.000275107704667,
	"height": 5.000275107704667,
	"links": []
}