{
	"id": "mlqeakkf1dg",
	"x": 48.281121530963645,
	"y": 17.99689666876788,
	"width": 11.276676874679758,
	"height": 6.594040095470537,
	"links": []
}