{
	"id": "0vh7l3j1gv",
	"x": 46.00355138956064,
	"y": 36.014532540401596,
	"width": 4,
	"height": 4,
	"links": []
}