{"x":74.26432291666667,"y":29.733072916666664,"width":23.808567725920383,"height":20}