{"x":74.47560854867682,"y":29.10849917257182,"width":23.808567725920383,"height":20}