{"x":67.11033950617285,"y":27.671682098765434,"width":30,"height":20}