{
	"id": "l84ccd69v6g",
	"x": 73.81915671459907,
	"y": 33.83931511359894,
	"width": 20.780140731679268,
	"height": 7.912413566019098,
	"links": []
}