{
	"id": "l84ccd69v6g",
	"x": 74.47265625,
	"y": 43.427874351936566,
	"width": 20.00594042380234,
	"height": 16.132346548794462,
	"links": []
}