{"x":74.47265625,"y":43.427874351936566,"width":23.808567725920383,"height":16.096370844769748}