{"x":73.30023545731652,"y":28.294270833333336,"width":23.808567725920383,"height":20}