{
	"id": "v12f3i9e6eg",
	"x": 40,
	"y": 46.531889847353284,
	"width": 4,
	"height": 3.468110152646711,
	"links": []
}