{
	"id": "flo206thmv",
	"x": 88,
	"y": 12,
	"width": 8.000237593181069,
	"height": 4.000240789790512,
	"links": []
}