{
	"id": "pp0gavdio0g",
	"x": 43.99999999999999,
	"y": 16,
	"width": 4,
	"height": 4.000000000000002,
	"links": []
}