{
	"id": "93jcctiarsg",
	"x": 12.000000000000002,
	"y": 84,
	"width": 25.000533479659182,
	"height": 10.000533479659182,
	"links": []
}