{
	"id": "153ri2jccq8",
	"x": 50,
	"y": 84.00000000000001,
	"width": 19.99974101315653,
	"height": 10.000542038995832,
	"links": []
}