{
	"id": "v8ooobkjdto",
	"x": 64,
	"y": 68,
	"width": 8.000334751623107,
	"height": 4.00023130274468,
	"links": []
}