{
	"id": "qm6p7cuvvl",
	"x": 88,
	"y": 28,
	"width": 7.999607176710706,
	"height": 3.99948164986528,
	"links": []
}