{
	"id": "d1lkhdg6ddo",
	"x": 15.99999999999999,
	"y": 12.000000000000002,
	"width": 68.00000000000001,
	"height": 48,
	"links": []
}