{"x":11.132391668661718,"y":9.600191525017955,"width":80,"height":80}