{
	"id": "nb95jvo9cr",
	"x": 24.000000000000004,
	"y": 16,
	"width": 20,
	"height": 16.000000000000007,
	"links": [],
	"nodes": []
}