{
	"id": "o68jm3oi8c",
	"x": 72,
	"y": 43.99999999999999,
	"width": 20,
	"height": 12.000000000000007,
	"links": [],
	"nodes": []
}