{
	"id": "3ekdien7kcg",
	"x": 8.000000000000004,
	"y": 44.00000000000001,
	"width": 19.999999999999993,
	"height": 11.999999999999993,
	"links": [],
	"nodes": []
}