{
	"id": "k3ej5ipds1g",
	"x": 64,
	"y": 88.00000000000001,
	"width": 8,
	"height": 3.999999999999986,
	"links": [],
	"nodes": []
}