{
	"id": "n0u6e8svi3",
	"x": 68.00000000000001,
	"y": 56.00000000000001,
	"width": 24.000000000000004,
	"height": 16,
	"links": [],
	"nodes": []
}