{
	"id": "v2paij4pdmo",
	"x": 68.00000000000001,
	"y": 32.00000000000001,
	"width": 24.00000000000001,
	"height": 16,
	"links": [],
	"nodes": []
}