{
	"id": "9dko05uerg",
	"x": 68.00000000000001,
	"y": 76,
	"width": 15.999999999999996,
	"height": 8,
	"links": [],
	"nodes": []
}