{
	"id": "8nad0qpq98o",
	"x": 84,
	"y": 76.00000000000001,
	"width": 12.000000000000018,
	"height": 8,
	"links": [],
	"nodes": []
}