{
	"id": "dpd3jokqmm",
	"x": 36.00000000000001,
	"y": 12.000000000000002,
	"width": 20,
	"height": 20,
	"links": [],
	"nodes": []
}