{
	"id": "dub9um70n18",
	"x": 75,
	"y": 70,
	"width": 20.00100335790445,
	"height": 4.998710032507183,
	"links": []
}