{
	"id": "9crc7egp018",
	"x": 24.000000000000004,
	"y": 8.000000000000002,
	"width": 11.999999999999996,
	"height": 3.9999999999999964,
	"links": [],
	"nodes": []
}