{
	"id": "9crc7egp018",
	"x": 32.00000000000001,
	"y": 8.000000000000004,
	"width": 16,
	"height": 7.9999999999999964,
	"links": [],
	"nodes": []
}