{
	"id": "meufhoqlfg",
	"x": 11.999999999999998,
	"y": 40,
	"width": 8.000000000000007,
	"height": 4,
	"links": [],
	"nodes": []
}