{
	"id": "3ht1ieidr2o",
	"x": 76,
	"y": 28.000000000000004,
	"width": 20,
	"height": 3.9999999999999964,
	"links": [],
	"nodes": []
}