{
	"id": "3lsosl5fvo8",
	"x": 35,
	"y": 20,
	"width": 10.001134982841727,
	"height": 5.0002475969342015,
	"links": []
}