{
	"id": "6o0ikrr8ru",
	"x": 4.999999999999999,
	"y": 55.00000000000001,
	"width": 10.000404552564863,
	"height": 10.000404552564863,
	"links": [],
	"nodes": []
}