{
	"id": "hmdangdf9s",
	"x": 80.05749627926362,
	"y": 70.27685265883879,
	"width": 16.000000000000007,
	"height": 4.000000000000017,
	"links": [],
	"nodes": []
}