{
	"id": "oo3fcuic17",
	"x": 28.000000000000004,
	"y": 20,
	"width": 15.999999999999996,
	"height": 8,
	"links": [],
	"nodes": []
}