{
	"id": "3h3i50irvjg",
	"x": 28.000000000000004,
	"y": 24.000000000000004,
	"width": 8,
	"height": 3.9999999999999964,
	"links": [],
	"nodes": []
}