{
	"id": "oo3fcuic17",
	"x": 24.000000000000004,
	"y": 16.000000000000004,
	"width": 11.999999999999996,
	"height": 4,
	"links": [],
	"nodes": []
}