{
	"id": "ua13104dlao",
	"x": 20,
	"y": 25,
	"width": 10.00011247898049,
	"height": 5.000658794077442,
	"links": []
}