{
	"id": "18tbjkfri3o",
	"x": 23.999999999999993,
	"y": 64,
	"width": 6.3461538461538485,
	"height": 7.894736842105265,
	"links": [],
	"nodes": []
}