{
	"id": "p1f768sjqmg",
	"x": 83.2411307152343,
	"y": 52.35742743312465,
	"width": 8,
	"height": 3.999999999999993,
	"links": []
}