{
	"id": "82efivc7np8",
	"x": 80.00000000000001,
	"y": 64,
	"width": 15.999999999999993,
	"height": 4,
	"links": [],
	"nodes": []
}