{
	"id": "f9fl3ednscg",
	"x": 4,
	"y": 59.999999999999986,
	"width": 12,
	"height": 20.000000000000007,
	"links": [],
	"nodes": []
}